1790640000000000,2688.71000000,2695.38000000,2677.23000000,2677.23000000,5865.94460000,1790643599999999,15765747.26484000,76905,2860.74300000,7692384.18236300,0
1790643600000000,2677.22000000,2681.24000000,2656.66000000,2665.61000000,11559.35000000,1790647199999999,30814013.03775100,140564,4759.91890000,12688904.73305400,0
1790647200000000,2665.61000000,2667.85000000,2652.20000000,2657.63000000,7544.30680000,1790650799999999,20058083.17224500,116722,3466.46830000,9218267.21412900,0
1790650800000000,2657.63000000,2669.32000000,2655.40000000,2665.20000000,4717.90800000,1790654399999999,12568333.62144100,91377,2483.76340000,6617019.67737500,0
1790654400000000,2665.21000000,2673.00000000,2661.65000000,2668.07000000,4000.91830000,1790657999999999,10671261.96093400,42566,1497.98690000,3996446.35437400,0
1790658000000000,2668.06000000,2677.87000000,2656.00000000,2676.54000000,6429.90940000,1790661599999999,17159200.95078200,74184,3378.62020000,9019459.04620800,0
1790661600000000,2676.54000000,2709.00000000,2676.27000000,2706.73000000,19073.47390000,1790665199999999,51410413.09996600,123608,12118.98560000,32666609.92939800,0
1790665200000000,2706.74000000,2719.96000000,2700.40000000,2712.36000000,29708.25810000,1790668799999999,80590845.20336000,142428,14176.93360000,38459844.34491300,0
1790668800000000,2712.35000000,2735.00000000,2706.33000000,2708.84000000,29023.69040000,1790672399999999,78909676.10885700,135512,16187.25430000,44021766.47981900,0
1790672400000000,2708.83000000,2722.00000000,2702.78000000,2717.63000000,17500.86890000,1790675999999999,47391265.70130300,98418,6198.01020000,16792383.47585000,0
1790676000000000,2717.63000000,2720.52000000,2709.78000000,2714.80000000,5002.32540000,1790679599999999,13577343.70549800,60072,2254.94490000,6120943.72872900,0
1790679600000000,2714.80000000,2738.51000000,2714.75000000,2732.47000000,15954.04480000,1790683199999999,43520529.57426300,104603,10516.39240000,28696818.72705500,0
1790683200000000,2732.47000000,2748.60000000,2729.63000000,2736.83000000,30201.37500000,1790686799999999,82736997.94383000,189248,15919.98280000,43630920.17873800,0
1790686800000000,2736.83000000,2740.72000000,2721.50000000,2726.83000000,18022.95560000,1790690399999999,49230258.33557500,148900,6850.29370000,18712208.94062200,0
1790690400000000,2726.83000000,2732.48000000,2707.97000000,2710.99000000,19399.61650000,1790693999999999,52688344.74275900,168948,9471.94280000,25721663.31083600,0
1790694000000000,2710.99000000,2711.95000000,2668.50000000,2674.17000000,32271.84720000,1790697599999999,86660240.15594900,296774,13112.05190000,35201157.97485300,0
1790697600000000,2674.16000000,2684.36000000,2668.40000000,2675.99000000,9982.32430000,1790701199999999,26707473.33950600,162807,4856.79920000,12997211.22956200,0
1790701200000000,2675.99000000,2680.57000000,2669.59000000,2673.76000000,5889.86140000,1790704799999999,15759051.76682300,71801,2579.11040000,6900928.48558600,0
1790704800000000,2673.77000000,2697.92000000,2673.77000000,2695.86000000,7470.45820000,1790708399999999,20077222.32173600,125775,4189.15460000,11255200.57751300,0
1790708400000000,2695.85000000,2700.00000000,2686.59000000,2690.01000000,7122.25160000,1790711999999999,19188050.36433700,79851,3602.81530000,9704551.46990300,0
1790712000000000,2690.01000000,2694.19000000,2686.74000000,2689.26000000,3271.88480000,1790715599999999,8804131.25541100,29362,1780.17140000,4790051.77064200,0
1790715600000000,2689.25000000,2690.55000000,2676.96000000,2679.44000000,15446.82570000,1790719199999999,41450521.64621200,41813,7436.57210000,19956943.05414700,0
1790719200000000,2679.44000000,2686.17000000,2675.00000000,2681.83000000,5305.78780000,1790722799999999,14226234.02755300,53206,2743.21180000,7356154.12268800,0
1790722800000000,2681.84000000,2688.51000000,2675.80000000,2677.98000000,5170.25100000,1790726399999999,13871335.13833600,43216,2473.48960000,6636474.92328200,0
