create_time,symbol,sum_open_interest,sum_open_interest_value,count_toptrader_long_short_ratio,sum_toptrader_long_short_ratio,count_long_short_ratio,sum_taker_long_short_vol_ratio
2026-09-30 00:00:00,BTCUSD_PERP,25758909.00000000,30811.28277154,2.51148796,2.42937325,0.26027347,1.76260504
2026-09-30 00:05:00,BTCUSD_PERP,25758909.00000000,30800.86822116,2.51148796,2.42937325,0.26027347,4.45660539
2026-09-30 00:10:00,BTCUSD_PERP,25758909.00000000,30847.90197203,2.51148796,2.42937325,0.26027347,2.01233553
2026-09-30 00:15:00,BTCUSD_PERP,25758909.00000000,30864.40653596,2.51148796,2.42937325,0.26027347,0.49551570
2026-09-30 00:20:00,BTCUSD_PERP,25758909.00000000,30900.99735158,2.51148796,2.42937325,0.26027347,0.07739308
2026-09-30 00:25:00,BTCUSD_PERP,25758909.00000000,30884.68589448,2.51148796,2.42937325,0.26027347,3.47827239
2026-09-30 00:30:00,BTCUSD_PERP,25758909.00000000,30843.12364378,2.51148796,2.42937325,0.26027347,2.59544604
2026-09-30 00:35:00,BTCUSD_PERP,25758909.00000000,30833.70520484,2.51148796,2.42937325,0.26027347,0.48170991
2026-09-30 00:40:00,BTCUSD_PERP,25758909.00000000,30877.83678166,2.51148796,2.42937325,0.26027347,0.20371151
2026-09-30 00:45:00,BTCUSD_PERP,25758909.00000000,30882.16802961,2.51148796,2.42937325,0.26027347,1.04899857
2026-09-30 00:50:00,BTCUSD_PERP,25758909.00000000,30914.26448897,2.51148796,2.42937325,0.26027347,0.65091235
2026-09-30 00:55:00,BTCUSD_PERP,25758909.00000000,30932.34344041,2.51148796,2.42937325,0.26027347,0.17156895
2026-09-30 01:00:00,BTCUSD_PERP,25758909.00000000,30895.20101104,2.51148796,2.42937325,0.26027347,1.67280453
2026-09-30 01:05:00,BTCUSD_PERP,25758909.00000000,30907.82138855,2.51148796,2.42937325,0.26027347,0.37703229
2026-09-30 01:10:00,BTCUSD_PERP,25758909.00000000,30893.63891471,2.51148796,2.42937325,0.26027347,0.55598562
2026-09-30 01:15:00,BTCUSD_PERP,25758909.00000000,30902.01296610,2.51148796,2.42937325,0.26027347,0.72634166
2026-09-30 01:20:00,BTCUSD_PERP,25758909.00000000,30913.10678398,2.51148796,2.42937325,0.26027347,0.35060814
2026-09-30 01:25:00,BTCUSD_PERP,25758909.00000000,30859.34085681,2.51148796,2.42937325,0.26027347,93.41860465
2026-09-30 01:30:00,BTCUSD_PERP,25758909.00000000,30929.30055918,2.51148796,2.42937325,0.26027347,0.71968912
2026-09-30 01:35:00,BTCUSD_PERP,25758909.00000000,30934.77171323,2.51148796,2.42937325,0.26027347,0.79663394
2026-09-30 01:40:00,BTCUSD_PERP,25758909.00000000,30930.07777275,2.51148796,2.42937325,0.26027347,1.65186325
2026-09-30 01:45:00,BTCUSD_PERP,25758909.00000000,30896.73390521,2.51148796,2.42937325,0.26027347,31.31004619
2026-09-30 01:50:00,BTCUSD_PERP,25758909.00000000,30898.65268491,2.51148796,2.42937325,0.26027347,0.99071766
2026-09-30 01:55:00,BTCUSD_PERP,25758909.00000000,30902.51124670,2.51148796,2.42937325,0.26027347,0.79039548
2026-09-30 02:00:00,BTCUSD_PERP,25758909.00000000,30895.83608201,2.51148796,2.42937325,0.26027347,2.04217536
2026-09-30 02:05:00,BTCUSD_PERP,25758909.00000000,30865.29908144,2.51148796,2.42937325,0.26027347,0.41175209
2026-09-30 02:10:00,BTCUSD_PERP,25758909.00000000,30873.13573149,2.51148796,2.42937325,0.26027347,1.30475564
2026-09-30 02:15:00,BTCUSD_PERP,25758909.00000000,30888.62731714,2.51148796,2.42937325,0.26027347,1.47685888
2026-09-30 02:20:00,BTCUSD_PERP,25758909.00000000,30917.93654813,2.51148796,2.42937325,0.26027347,2.06793383
2026-09-30 02:25:00,BTCUSD_PERP,25758909.00000000,30880.61308286,2.51148796,2.42937325,0.26027347,3.13073852
2026-09-30 02:30:00,BTCUSD_PERP,25758909.00000000,30899.20865406,2.51148796,2.42937325,0.26027347,2.66493056
2026-09-30 02:35:00,BTCUSD_PERP,25758909.00000000,30935.48754655,2.51147541,2.42663911,0.26027347,0.07841924
2026-09-30 02:40:00,BTCUSD_PERP,25758909.00000000,30927.04860126,2.51147541,2.42663911,0.26027347,0.93571674
2026-09-30 02:45:00,BTCUSD_PERP,25758909.00000000,30925.17615251,2.51147541,2.42663911,0.26027347,0.08419448
2026-09-30 02:50:00,BTCUSD_PERP,25758909.00000000,30903.39759817,2.51147541,2.42663911,0.26027347,1.81393083
2026-09-30 02:55:00,BTCUSD_PERP,25758909.00000000,30906.80890480,2.51147541,2.42663911,0.26027347,1.99373695
2026-09-30 03:00:00,BTCUSD_PERP,25758909.00000000,30918.60596313,2.51147541,2.42663911,0.26027347,0.06478303
2026-09-30 03:05:00,BTCUSD_PERP,25758909.00000000,30916.60205431,2.51147541,2.42663911,0.26027347,4.13153580
2026-09-30 03:10:00,BTCUSD_PERP,25758909.00000000,30924.45259005,2.51147541,2.42663911,0.26027347,3.99856734
2026-09-30 03:15:00,BTCUSD_PERP,25758909.00000000,30941.31609537,2.51147541,2.42663911,0.26027347,0.57432432
2026-09-30 03:20:00,BTCUSD_PERP,25758909.00000000,31000.72472679,2.51147541,2.42663911,0.26027347,0.06062719
2026-09-30 03:25:00,BTCUSD_PERP,25758909.00000000,30960.91861173,2.51147541,2.42663911,0.26027347,2.12149533
2026-09-30 03:30:00,BTCUSD_PERP,25758909.00000000,30950.62949230,2.51147541,2.42663911,0.26027347,2.60747304
2026-09-30 03:35:00,BTCUSD_PERP,25758909.00000000,30948.58424655,2.51147541,2.42663911,0.26027347,0.33735163
2026-09-30 03:40:00,BTCUSD_PERP,25758909.00000000,30923.24563773,2.51147541,2.42663911,0.26027347,4.40036563
2026-09-30 03:45:00,BTCUSD_PERP,25758909.00000000,30932.19486187,2.51147541,2.42663911,0.26027347,0.49197338
2026-09-30 03:50:00,BTCUSD_PERP,25758909.00000000,30946.97698190,2.51147541,2.42663911,0.26027347,0.84104046
2026-09-30 03:55:00,BTCUSD_PERP,25758909.00000000,30945.18821304,2.51147541,2.42663911,0.26027347,1.60244648
2026-09-30 04:00:00,BTCUSD_PERP,25758909.00000000,30948.63464024,2.51147541,2.42663911,0.26027347,0.34782609
2026-09-30 04:05:00,BTCUSD_PERP,25758909.00000000,30910.93004961,2.51147541,2.42663911,0.26027347,29.31950207
2026-09-30 04:10:00,BTCUSD_PERP,25758909.00000000,30945.81630144,2.51147541,2.42663911,0.26027347,0.44081336
2026-09-30 04:15:00,BTCUSD_PERP,25758909.00000000,30928.09560586,2.51147541,2.42663911,0.26027347,4.68085106
2026-09-30 04:20:00,BTCUSD_PERP,25758909.00000000,30921.64943256,2.51147541,2.42663911,0.26027347,0.16371470
2026-09-30 04:25:00,BTCUSD_PERP,25758909.00000000,30928.55647174,2.51147541,2.42663911,0.26027347,1.03620690
2026-09-30 04:30:00,BTCUSD_PERP,25758909.00000000,30927.84957094,2.51147541,2.42663911,0.26027347,1.67609047
2026-09-30 04:35:00,BTCUSD_PERP,25758909.00000000,30952.33339609,2.51147541,2.42663911,0.26027347,0.32086614
2026-09-30 04:40:00,BTCUSD_PERP,25758909.00000000,30930.77922003,2.51147541,2.42663911,0.26027347,1.38871656
2026-09-30 04:45:00,BTCUSD_PERP,25758909.00000000,30942.78523355,2.51147541,2.42663911,0.26027347,0.07172891
2026-09-30 04:50:00,BTCUSD_PERP,25758909.00000000,30968.11411741,2.51147541,2.42663911,0.26027347,0.44787899
2026-09-30 04:55:00,BTCUSD_PERP,25758909.00000000,30982.64489450,2.51147541,2.42663911,0.26027347,0.37733617
2026-09-30 05:00:00,BTCUSD_PERP,25758909.00000000,30948.12885032,2.51147541,2.42663911,0.26027347,1.18486352
2026-09-30 05:05:00,BTCUSD_PERP,25758909.00000000,30958.46828566,2.51147541,2.42663911,0.26027347,0.98967684
2026-09-30 05:10:00,BTCUSD_PERP,25758909.00000000,30950.55511499,2.51147541,2.42663911,0.26027347,2.27418520
2026-09-30 05:15:00,BTCUSD_PERP,25758909.00000000,30978.88151399,2.51147541,2.42663911,0.26027347,0.60460713
2026-09-30 05:20:00,BTCUSD_PERP,25758909.00000000,30963.19101875,2.51147541,2.42663911,0.26027347,0.53164084
2026-09-30 05:25:00,BTCUSD_PERP,25758909.00000000,30933.05151700,2.51147541,2.42663911,0.26027347,2.64562410
2026-09-30 05:30:00,BTCUSD_PERP,25758909.00000000,30918.57195545,2.51147541,2.42663911,0.26027347,0.81213753
2026-09-30 05:35:00,BTCUSD_PERP,25758909.00000000,30895.80329941,2.51147541,2.42663911,0.26027347,1.15784638
2026-09-30 05:40:00,BTCUSD_PERP,25758909.00000000,30890.87985422,2.51147541,2.42663911,0.26027347,0.48743530
2026-09-30 05:45:00,BTCUSD_PERP,25758909.00000000,30888.14020232,2.51147541,2.42663911,0.26027347,0.13260870
2026-09-30 05:50:00,BTCUSD_PERP,25758909.00000000,30904.54697606,2.51147541,2.42663911,0.26027347,1.21228910
2026-09-30 05:55:00,BTCUSD_PERP,25758909.00000000,30932.19486187,2.51147541,2.42663911,0.26027347,0.25280289
2026-09-30 06:00:00,BTCUSD_PERP,25758909.00000000,30928.33232076,2.51147541,2.42663911,0.26027347,1.05049186
2026-09-30 06:05:00,BTCUSD_PERP,25758909.00000000,30912.50436623,2.51147541,2.42663911,0.26027347,5.05463259
2026-09-30 06:10:00,BTCUSD_PERP,25758909.00000000,30964.06191207,2.51147541,2.42663911,0.26027347,0.08172531
2026-09-30 06:15:00,BTCUSD_PERP,25758909.00000000,31011.40474285,2.51147541,2.42663911,0.26027347,0.48507220
2026-09-30 06:20:00,BTCUSD_PERP,25758909.00000000,31010.56741096,2.51147541,2.42663911,0.26027347,0.84954312
2026-09-30 06:25:00,BTCUSD_PERP,25758909.00000000,31029.31469621,2.51147541,2.42663911,0.26027347,0.79797615
2026-09-30 06:30:00,BTCUSD_PERP,25758909.00000000,31005.39463161,2.51147541,2.42663911,0.26027347,1.76797753
2026-09-30 06:35:00,BTCUSD_PERP,25758909.00000000,31024.79744908,2.51147541,2.42663911,0.26027347,0.44944853
2026-09-30 06:40:00,BTCUSD_PERP,25758909.00000000,31041.82388080,2.51147541,2.42663911,0.26027347,0.65570629
2026-09-30 06:45:00,BTCUSD_PERP,25758909.00000000,31035.40459735,2.51147541,2.42663911,0.26027347,0.78265014
2026-09-30 06:50:00,BTCUSD_PERP,25758909.00000000,31063.01138262,2.51147541,2.42663911,0.26027347,0.14544633
2026-09-30 06:55:00,BTCUSD_PERP,25758909.00000000,31032.35753072,2.51147541,2.42663911,0.26027347,0.29672677
2026-09-30 07:00:00,BTCUSD_PERP,25758909.00000000,31068.25657002,2.51147541,2.42663911,0.26027347,0.26148645
2026-09-30 07:05:00,BTCUSD_PERP,25758909.00000000,31053.21536081,2.51147541,2.42663911,0.26027347,0.28058166
2026-09-30 07:10:00,BTCUSD_PERP,25758909.00000000,31050.05587077,2.51147541,2.42663911,0.26027347,0.24769703
2026-09-30 07:15:00,BTCUSD_PERP,25758909.00000000,31053.08783960,2.51147541,2.42663911,0.26027347,1.32345555
2026-09-30 07:20:00,BTCUSD_PERP,25758909.00000000,30973.85268039,2.51147541,2.42663911,0.26027347,4.15794621
2026-09-30 07:25:00,BTCUSD_PERP,25758909.00000000,30933.82930432,2.51147541,2.42663911,0.26027347,1.22327623
2026-09-30 07:30:00,BTCUSD_PERP,25758909.00000000,30952.15502704,2.51147541,2.42663911,0.26027347,0.65222971
2026-09-30 07:35:00,BTCUSD_PERP,25758909.00000000,30932.67774734,2.51147541,2.42663911,0.26027347,1.06509540
2026-09-30 07:40:00,BTCUSD_PERP,25758909.00000000,30920.99012277,2.51147541,2.42663911,0.26027347,3.09683246
2026-09-30 07:45:00,BTCUSD_PERP,25758909.00000000,30905.24359562,2.51147541,2.42663911,0.26027347,9.84918794
2026-09-30 07:50:00,BTCUSD_PERP,25758909.00000000,30907.65048283,2.51147541,2.42663911,0.26027347,0.79582090
2026-09-30 07:55:00,BTCUSD_PERP,25758909.00000000,30918.93997318,2.51147541,2.42663911,0.26027347,5.41202459
2026-09-30 08:00:00,BTCUSD_PERP,25758909.00000000,30959.74341747,2.51147541,2.42663911,0.26027347,0.19824792
2026-09-30 08:05:00,BTCUSD_PERP,25758909.00000000,30959.21404779,2.51147541,2.42663911,0.26027347,0.85960425
2026-09-30 08:10:00,BTCUSD_PERP,25758909.00000000,30985.73825806,2.51147541,2.42663911,0.26027347,0.05263158
2026-09-30 08:15:00,BTCUSD_PERP,25758909.00000000,31019.12012429,2.51147541,2.42663911,0.26027347,0.13232699
2026-09-30 08:20:00,BTCUSD_PERP,25758909.00000000,30984.03247617,2.51147541,2.42663911,0.26027347,2.69753915
2026-09-30 08:25:00,BTCUSD_PERP,25758909.00000000,30995.20853463,2.51147541,2.42663911,0.26027347,1.94004497
2026-09-30 08:30:00,BTCUSD_PERP,25758909.00000000,31020.93370783,2.51147541,2.42663911,0.26027347,4.72828217
2026-09-30 08:35:00,BTCUSD_PERP,25758909.00000000,31036.81198920,2.51147541,2.42663911,0.26027347,0.87914501
2026-09-30 08:40:00,BTCUSD_PERP,25758909.00000000,31013.22265504,2.51147541,2.42663911,0.26027347,0.46847059
2026-09-30 08:45:00,BTCUSD_PERP,25758909.00000000,31035.54057262,2.51147541,2.42663911,0.26027347,0.06397474
2026-09-30 08:50:00,BTCUSD_PERP,25758909.00000000,31007.84509611,2.51147541,2.42663911,0.26027347,13.33770779
2026-09-30 08:55:00,BTCUSD_PERP,25758909.00000000,31054.39813280,2.51147541,2.42663911,0.26027347,1.06869642
2026-09-30 09:00:00,BTCUSD_PERP,25758909.00000000,31040.02839030,2.51147541,2.42663911,0.26027347,0.90297030
2026-09-30 09:05:00,BTCUSD_PERP,25758909.00000000,30985.06735568,2.51147541,2.42663911,0.26027347,3.95000000
2026-09-30 09:10:00,BTCUSD_PERP,25758909.00000000,30970.16935972,2.51147541,2.42663911,0.26027347,1.82086407
2026-09-30 09:15:00,BTCUSD_PERP,25758909.00000000,30954.72079486,2.51147541,2.42663911,0.26027347,1.96307902
2026-09-30 09:20:00,BTCUSD_PERP,25758909.00000000,30957.32750354,2.51147541,2.42663911,0.26027347,0.62208259
2026-09-30 09:25:00,BTCUSD_PERP,25758909.00000000,30914.89522575,2.51147541,2.42663911,0.26027347,1.89080957
2026-09-30 09:30:00,BTCUSD_PERP,25758909.00000000,30901.02495939,2.51147541,2.42663911,0.26027347,1.88591620
2026-09-30 09:35:00,BTCUSD_PERP,25758909.00000000,30810.17568285,2.51147541,2.42663911,0.26027347,6.77637409
2026-09-30 09:40:00,BTCUSD_PERP,25758909.00000000,30848.18004795,2.51147541,2.42663911,0.26027347,5.14622735
2026-09-30 09:45:00,BTCUSD_PERP,25758909.00000000,30860.59787753,2.51147541,2.42663911,0.26027347,0.32724489
2026-09-30 09:50:00,BTCUSD_PERP,25758909.00000000,30834.03738307,2.51147541,2.42663911,0.26027347,0.98079958
2026-09-30 09:55:00,BTCUSD_PERP,25758909.00000000,30827.34495151,2.51147541,2.42663911,0.26027347,1.65724721
2026-09-30 10:00:00,BTCUSD_PERP,25758909.00000000,30817.28975820,2.51147541,2.42663911,0.26027347,2.44542354
2026-09-30 10:05:00,BTCUSD_PERP,25758909.00000000,30780.76241857,2.51147541,2.42663911,0.26027347,3.66619844
2026-09-30 10:10:00,BTCUSD_PERP,25758909.00000000,30790.73011547,2.51147541,2.42663911,0.26027347,0.40316721
2026-09-30 10:15:00,BTCUSD_PERP,25758909.00000000,30795.47875488,2.51147541,2.42663911,0.26027347,0.53453539
2026-09-30 10:20:00,BTCUSD_PERP,25758909.00000000,30788.55874517,2.51147541,2.42663911,0.26027347,0.19289585
2026-09-30 10:25:00,BTCUSD_PERP,25758909.00000000,30764.65712556,2.51147541,2.42663911,0.26027347,0.99365101
2026-09-30 10:30:00,BTCUSD_PERP,25758909.00000000,30766.60463716,2.51147541,2.42663911,0.26027347,1.20710383
2026-09-30 10:35:00,BTCUSD_PERP,25758909.00000000,30738.93663084,2.51147541,2.42663911,0.26027347,0.82048000
2026-09-30 10:40:00,BTCUSD_PERP,25758909.00000000,30743.83784326,2.51147541,2.42663911,0.26027347,1.00513503
2026-09-30 10:45:00,BTCUSD_PERP,25758909.00000000,30732.06347973,2.51147541,2.42663911,0.26027347,1.68779216
2026-09-30 10:50:00,BTCUSD_PERP,25758909.00000000,30722.14085024,2.51147541,2.42663911,0.26027347,1.16451506
2026-09-30 10:55:00,BTCUSD_PERP,25758909.00000000,30709.49447599,2.51147541,2.42663911,0.26027347,2.67146486
2026-09-30 11:00:00,BTCUSD_PERP,25758909.00000000,30733.75045190,2.51147541,2.42663911,0.26027347,1.28310188
2026-09-30 11:05:00,BTCUSD_PERP,25758909.00000000,30777.70648582,2.51147541,2.42663911,0.26027347,0.07440968
2026-09-30 11:10:00,BTCUSD_PERP,25758909.00000000,30804.61203799,2.51147541,2.42663911,0.26027347,0.18460953
2026-09-30 11:15:00,BTCUSD_PERP,25758909.00000000,30749.23824805,2.51147541,2.42663911,0.26027347,1.24556681
2026-09-30 11:20:00,BTCUSD_PERP,25758909.00000000,30791.35582138,2.51147541,2.42663911,0.26027347,0.25007606
2026-09-30 11:25:00,BTCUSD_PERP,25758909.00000000,30750.50179718,2.51147541,2.42663911,0.26027347,1.60684717
2026-09-30 11:30:00,BTCUSD_PERP,25758909.00000000,30746.99380498,2.51147541,2.42663911,0.26027347,1.18400000
2026-09-30 11:35:00,BTCUSD_PERP,25758909.00000000,30758.65310415,2.51147541,2.42663911,0.26027347,0.70671165
2026-09-30 11:40:00,BTCUSD_PERP,25758909.00000000,30724.53798787,2.51147541,2.42663911,0.26027347,1.24163116
2026-09-30 11:45:00,BTCUSD_PERP,25758909.00000000,30715.79295057,2.51147541,2.42663911,0.26027347,1.97607965
2026-09-30 11:50:00,BTCUSD_PERP,25758909.00000000,30727.76031003,2.51147541,2.42663911,0.26027347,0.93653543
2026-09-30 11:55:00,BTCUSD_PERP,25758909.00000000,30752.23697819,2.51147541,2.42663911,0.26027347,0.25916366
2026-09-30 12:00:00,BTCUSD_PERP,25758909.00000000,30723.93363062,2.51147541,2.42663911,0.26027347,7.64202899
2026-09-30 12:05:00,BTCUSD_PERP,25758909.00000000,30749.66448719,2.51147541,2.42663911,0.26027347,0.65405950
2026-09-30 12:10:00,BTCUSD_PERP,25758909.00000000,30762.71944936,2.51147541,2.42663911,0.26027347,0.25468327
2026-09-30 12:15:00,BTCUSD_PERP,25758909.00000000,30735.58403066,2.51147541,2.42663911,0.26027347,3.87568223
2026-09-30 12:20:00,BTCUSD_PERP,25758909.00000000,30770.20634591,2.51147541,2.42663911,0.26027347,0.38487500
2026-09-30 12:25:00,BTCUSD_PERP,25758909.00000000,30727.34344306,2.51147541,2.42663911,0.26027347,2.59728261
2026-09-30 12:30:00,BTCUSD_PERP,25758909.00000000,30716.86857910,2.51147541,2.42663911,0.26027347,1.80897125
2026-09-30 12:35:00,BTCUSD_PERP,25758909.00000000,30501.45882721,2.51147541,2.42663911,0.26027347,1.98881862
2026-09-30 12:40:00,BTCUSD_PERP,25758909.00000000,30364.36303454,2.51147541,2.42663911,0.26027347,1.06350935
2026-09-30 12:45:00,BTCUSD_PERP,25758909.00000000,30375.28389594,2.51147541,2.42663911,0.26027347,0.50340929
2026-09-30 12:50:00,BTCUSD_PERP,25758909.00000000,30255.54955757,2.51147541,2.42663911,0.26027347,2.42676813
2026-09-30 12:55:00,BTCUSD_PERP,25758909.00000000,30161.15721102,2.51147541,2.42663911,0.26027347,1.49974361
2026-09-30 13:00:00,BTCUSD_PERP,25758909.00000000,30213.33333350,2.51147541,2.42663911,0.26027347,0.77248312
2026-09-30 13:05:00,BTCUSD_PERP,25758909.00000000,30247.14980852,2.51147541,2.42663911,0.26027347,0.74030246
2026-09-30 13:10:00,BTCUSD_PERP,25758909.00000000,30145.36039041,2.51147541,2.42663911,0.26027347,1.41300060
2026-09-30 13:15:00,BTCUSD_PERP,25758909.00000000,30181.11867127,2.51147541,2.42663911,0.26027347,0.49915944
2026-09-30 13:20:00,BTCUSD_PERP,25758909.00000000,30221.64928496,2.51147541,2.42663911,0.26027347,0.18817211
2026-09-30 13:25:00,BTCUSD_PERP,25758909.00000000,30217.89125087,2.51147541,2.42663911,0.26027347,3.49121782
2026-09-30 13:30:00,BTCUSD_PERP,25758909.00000000,30270.61766566,2.51147541,2.42663911,0.26027347,3.40285359
2026-09-30 13:35:00,BTCUSD_PERP,25758909.00000000,30268.45472759,2.51147541,2.42663911,0.26027347,1.72132800
2026-09-30 13:40:00,BTCUSD_PERP,25758909.00000000,30579.99869412,2.51147541,2.42663911,0.26027347,0.34377921
2026-09-30 13:45:00,BTCUSD_PERP,25758909.00000000,30502.65074051,2.51147541,2.42663911,0.26027347,0.63256479
2026-09-30 13:50:00,BTCUSD_PERP,25758909.00000000,30468.77173476,2.51147541,2.42663911,0.26027347,0.73964486
2026-09-30 13:55:00,BTCUSD_PERP,25758909.00000000,30462.86235312,2.51147541,2.42663911,0.26027347,1.94530479
2026-09-30 14:00:00,BTCUSD_PERP,25758909.00000000,30459.90852180,2.51147541,2.42663911,0.26027347,0.23941340
2026-09-30 14:05:00,BTCUSD_PERP,25758909.00000000,30497.21027362,2.51147541,2.42663911,0.26027347,0.24460890
2026-09-30 14:10:00,BTCUSD_PERP,25758909.00000000,30548.67264310,2.51147541,2.42663911,0.26027347,2.87263293
2026-09-30 14:15:00,BTCUSD_PERP,25758909.00000000,30626.69382507,2.51147541,2.42663911,0.26027347,0.94749682
2026-09-30 14:20:00,BTCUSD_PERP,25758909.00000000,30669.56666687,2.51147541,2.42663911,0.26027347,0.54796708
2026-09-30 14:25:00,BTCUSD_PERP,25758909.00000000,30727.77450393,2.51147541,2.42663911,0.26027347,0.22613970
2026-09-30 14:30:00,BTCUSD_PERP,25758909.00000000,30766.93537117,2.51147541,2.42663911,0.26027347,1.81303660
2026-09-30 14:35:00,BTCUSD_PERP,25758909.00000000,30901.34498570,2.51147541,2.42663911,0.26027347,0.57208849
2026-09-30 14:40:00,BTCUSD_PERP,25758909.00000000,30850.42789059,2.51147541,2.42663911,0.26027347,1.06692154
2026-09-30 14:45:00,BTCUSD_PERP,25758909.00000000,30851.08275701,2.51147541,2.42663911,0.26027347,1.90235301
2026-09-30 14:50:00,BTCUSD_PERP,25758909.00000000,30793.87822806,2.51147541,2.42663911,0.26027347,1.45278254
2026-09-30 14:55:00,BTCUSD_PERP,25758909.00000000,30727.07807227,2.51147541,2.42663911,0.26027347,1.29685121
2026-09-30 15:00:00,BTCUSD_PERP,25758909.00000000,30784.65840848,2.51147541,2.42663911,0.26027347,1.44474845
2026-09-30 15:05:00,BTCUSD_PERP,25758909.00000000,30734.72267435,2.51147541,2.42663911,0.26027347,0.53112362
2026-09-30 15:10:00,BTCUSD_PERP,25758909.00000000,30704.04032698,2.51147541,2.42663911,0.26027347,1.48055699
2026-09-30 15:15:00,BTCUSD_PERP,25758909.00000000,30717.00167424,2.51147541,2.42663911,0.26027347,0.69656968
2026-09-30 15:20:00,BTCUSD_PERP,25758909.00000000,30777.54087667,2.51147541,2.42663911,0.26027347,0.79812402
2026-09-30 15:25:00,BTCUSD_PERP,25758909.00000000,30798.82945143,2.51147541,2.42663911,0.26027347,0.42538274
2026-09-30 15:30:00,BTCUSD_PERP,25758909.00000000,30731.47711804,2.51147541,2.42663911,0.26027347,1.52898328
2026-09-30 15:35:00,BTCUSD_PERP,25758909.00000000,30651.30140770,2.51147541,2.42663911,0.26027347,2.77073126
2026-09-30 15:40:00,BTCUSD_PERP,25758909.00000000,30602.34679885,2.51147541,2.42663911,0.26027347,1.00338961
2026-09-30 15:45:00,BTCUSD_PERP,25758909.00000000,30660.95980780,2.51147541,2.42663911,0.26027347,0.41393869
2026-09-30 15:50:00,BTCUSD_PERP,25758909.00000000,30597.61599316,2.51147541,2.42663911,0.26027347,1.83211679
2026-09-30 15:55:00,BTCUSD_PERP,25758909.00000000,30628.86845557,2.51147541,2.42663911,0.26027347,0.31055417
2026-09-30 16:00:00,BTCUSD_PERP,25758909.00000000,30638.70711740,2.51147541,2.42663911,0.26027347,0.30619560
2026-09-30 16:05:00,BTCUSD_PERP,25758909.00000000,30591.80482426,2.51147541,2.42663911,0.26027347,5.39279551
2026-09-30 16:10:00,BTCUSD_PERP,25758909.00000000,30561.92051403,2.51147541,2.42663911,0.26027347,0.50754587
2026-09-30 16:15:00,BTCUSD_PERP,25758909.00000000,30569.65572078,2.51147541,2.42663911,0.26027347,0.68852191
2026-09-30 16:20:00,BTCUSD_PERP,25758909.00000000,30554.53488673,2.51147541,2.42663911,0.26027347,1.39165533
2026-09-30 16:25:00,BTCUSD_PERP,25758909.00000000,30533.01271911,2.51147541,2.42663911,0.26027347,2.96750296
2026-09-30 16:30:00,BTCUSD_PERP,25758909.00000000,30588.96826735,2.51147541,2.42663911,0.26027347,0.28517065
2026-09-30 16:35:00,BTCUSD_PERP,25758909.00000000,30582.27101762,2.51147541,2.42663911,0.26027347,0.75091920
2026-09-30 16:40:00,BTCUSD_PERP,25758909.00000000,30589.81328582,2.51147541,2.42663911,0.26027347,0.45238928
2026-09-30 16:45:00,BTCUSD_PERP,25758909.00000000,30564.75885923,2.51147541,2.42663911,0.26027347,1.20462874
2026-09-30 16:50:00,BTCUSD_PERP,25758909.00000000,30556.95192758,2.51147541,2.42663911,0.26027347,4.49263048
2026-09-30 16:55:00,BTCUSD_PERP,25758909.00000000,30569.76455775,2.51147541,2.42663911,0.26027347,0.68468066
2026-09-30 17:00:00,BTCUSD_PERP,25758909.00000000,30575.89695866,2.51147541,2.42663911,0.26027347,0.21312500
2026-09-30 17:05:00,BTCUSD_PERP,25758909.00000000,30596.74373192,2.51147541,2.42663911,0.26027347,0.24404975
2026-09-30 17:10:00,BTCUSD_PERP,25758909.00000000,30571.03437963,2.51147541,2.42663911,0.26027347,0.79512832
2026-09-30 17:15:00,BTCUSD_PERP,25758909.00000000,30597.72502931,2.51147541,2.42663911,0.26027347,3.22000353
2026-09-30 17:20:00,BTCUSD_PERP,25758909.00000000,30652.96070638,2.51147541,2.42663911,0.26027347,1.06672701
2026-09-30 17:25:00,BTCUSD_PERP,25758909.00000000,30659.09004347,2.51147541,2.42663911,0.26027347,0.33767173
2026-09-30 17:30:00,BTCUSD_PERP,25758909.00000000,30627.70307467,2.51147541,2.42663911,0.26027347,0.27688028
2026-09-30 17:35:00,BTCUSD_PERP,25758909.00000000,30683.37388410,2.51147541,2.42663911,0.26027347,0.43137467
2026-09-30 17:40:00,BTCUSD_PERP,25758909.00000000,30702.90869430,2.51147541,2.42663911,0.26027347,0.40960896
2026-09-30 17:45:00,BTCUSD_PERP,25758909.00000000,30704.24612142,2.51147541,2.42663911,0.26027347,5.64535585
2026-09-30 17:50:00,BTCUSD_PERP,25758909.00000000,30656.79125483,2.51147541,2.42663911,0.26027347,2.48146365
2026-09-30 17:55:00,BTCUSD_PERP,25758909.00000000,30691.45559440,2.51147541,2.42663911,0.26027347,0.46402503
2026-09-30 18:00:00,BTCUSD_PERP,25758909.00000000,30674.60675656,2.51147541,2.42663911,0.26027347,0.46967213
2026-09-30 18:05:00,BTCUSD_PERP,25758909.00000000,30693.28933340,2.51147541,2.42663911,0.26027347,0.68905030
2026-09-30 18:10:00,BTCUSD_PERP,25758909.00000000,30672.30564056,2.51147541,2.42663911,0.26027347,0.67751580
2026-09-30 18:15:00,BTCUSD_PERP,25758909.00000000,30692.99493017,2.51147541,2.42663911,0.26027347,0.09979555
2026-09-30 18:20:00,BTCUSD_PERP,25758909.00000000,30695.61637362,2.51147541,2.42663911,0.26027347,0.40808470
2026-09-30 18:25:00,BTCUSD_PERP,25758909.00000000,30730.70719411,2.51147541,2.42663911,0.26027347,0.14678144
2026-09-30 18:30:00,BTCUSD_PERP,25758909.00000000,30725.42875478,2.51147541,2.42663911,0.26027347,0.32016947
2026-09-30 18:35:00,BTCUSD_PERP,25758909.00000000,30742.70038800,2.51147541,2.42663911,0.26027347,1.25280608
2026-09-30 18:40:00,BTCUSD_PERP,25758909.00000000,30756.72264643,2.51147541,2.42663911,0.26027347,0.35158421
2026-09-30 18:45:00,BTCUSD_PERP,25758909.00000000,30744.90199051,2.51147541,2.42663911,0.26027347,1.40597896
2026-09-30 18:50:00,BTCUSD_PERP,25758909.00000000,30738.11801479,2.51147541,2.42663911,0.26027347,2.11127465
2026-09-30 18:55:00,BTCUSD_PERP,25758909.00000000,30720.78753708,2.51147541,2.42663911,0.26027347,1.51331129
2026-09-30 19:00:00,BTCUSD_PERP,25758909.00000000,30712.57015246,2.51147541,2.42663911,0.26027347,1.74577818
2026-09-30 19:05:00,BTCUSD_PERP,25758909.00000000,30714.64317341,2.51147541,2.42663911,0.26027347,0.23735245
2026-09-30 19:10:00,BTCUSD_PERP,25758909.00000000,30758.28396710,2.51147541,2.42663911,0.26027347,0.43492743
2026-09-30 19:15:00,BTCUSD_PERP,25758909.00000000,30792.82817089,2.51147541,2.42663911,0.26027347,0.20457668
2026-09-30 19:20:00,BTCUSD_PERP,25758909.00000000,30786.61268797,2.51147541,2.42663911,0.26027347,0.73771397
2026-09-30 19:25:00,BTCUSD_PERP,25758909.00000000,30803.43016105,2.51147541,2.42663911,0.26027347,2.31598865
2026-09-30 19:30:00,BTCUSD_PERP,25758909.00000000,30783.46447834,2.51147541,2.42663911,0.26027347,0.65628075
2026-09-30 19:35:00,BTCUSD_PERP,25758909.00000000,30744.17938344,2.51147541,2.42663911,0.26027347,5.28258801
2026-09-30 19:40:00,BTCUSD_PERP,25758909.00000000,30736.16636642,2.51147541,2.42663911,0.26027347,1.45833333
2026-09-30 19:45:00,BTCUSD_PERP,25758909.00000000,30759.66086515,2.51147541,2.42663911,0.26027347,0.48331932
2026-09-30 19:50:00,BTCUSD_PERP,25758909.00000000,30804.90675022,2.51147541,2.42663911,0.26027347,1.31022939
2026-09-30 19:55:00,BTCUSD_PERP,25758909.00000000,30872.85218614,2.51147541,2.42663911,0.26027347,0.18151429
2026-09-30 20:00:00,BTCUSD_PERP,25758909.00000000,30824.55466445,2.51147541,2.42663911,0.26027347,2.73015506
2026-09-30 20:05:00,BTCUSD_PERP,25758909.00000000,30841.86409608,2.51147541,2.42663911,0.26027347,0.30828408
2026-09-30 20:10:00,BTCUSD_PERP,25758909.00000000,30841.19940949,2.51147541,2.42663911,0.26027347,0.84524384
2026-09-30 20:15:00,BTCUSD_PERP,25758909.00000000,30825.66129588,2.51147541,2.42663911,0.26027347,2.26941115
2026-09-30 20:20:00,BTCUSD_PERP,25758909.00000000,30818.65165841,2.51147541,2.42663911,0.26027347,6.83045100
2026-09-30 20:25:00,BTCUSD_PERP,25758909.00000000,30788.98658679,2.51147541,2.42663911,0.26027347,20.15625000
2026-09-30 20:30:00,BTCUSD_PERP,25758909.00000000,30794.28378529,2.51147541,2.42663911,0.26027347,3.21754746
2026-09-30 20:35:00,BTCUSD_PERP,25758909.00000000,30818.48593664,2.51147541,2.42663911,0.26027347,1.02885023
2026-09-30 20:40:00,BTCUSD_PERP,25758909.00000000,30794.94833533,2.51147541,2.42663911,0.26027347,3.42233010
2026-09-30 20:45:00,BTCUSD_PERP,25758909.00000000,30808.95961535,2.51147541,2.42663911,0.26027347,0.16325917
2026-09-30 20:50:00,BTCUSD_PERP,25758909.00000000,30817.69532259,2.51147541,2.42663911,0.26027347,0.54666381
2026-09-30 20:55:00,BTCUSD_PERP,25758909.00000000,30807.18009708,2.51147541,2.42663911,0.26027347,1.87965921
2026-09-30 21:00:00,BTCUSD_PERP,25758909.00000000,30804.24067987,2.51147541,2.42663911,0.26027347,0.22966895
2026-09-30 21:05:00,BTCUSD_PERP,25758909.00000000,30789.98558289,2.51147541,2.42663911,0.26027347,2.68204400
2026-09-30 21:10:00,BTCUSD_PERP,25758909.00000000,30787.78595845,2.51147541,2.42663911,0.26027347,0.86566505
2026-09-30 21:15:00,BTCUSD_PERP,25758909.00000000,30784.18013332,2.51147541,2.42663911,0.26027347,0.62724288
2026-09-30 21:20:00,BTCUSD_PERP,25758909.00000000,30772.98909679,2.51147541,2.42663911,0.26027347,4.49276086
2026-09-30 21:25:00,BTCUSD_PERP,25758909.00000000,30793.15946894,2.51147541,2.42663911,0.26027347,0.04087869
2026-09-30 21:30:00,BTCUSD_PERP,25758909.00000000,30792.27602332,2.51147541,2.42663911,0.26027347,1.36142857
2026-09-30 21:35:00,BTCUSD_PERP,25758909.00000000,30773.11822894,2.51147541,2.42663911,0.26027347,1.71702128
2026-09-30 21:40:00,BTCUSD_PERP,25758909.00000000,30783.15005270,2.51147541,2.42663911,0.26027347,1.89187174
2026-09-30 21:45:00,BTCUSD_PERP,25758909.00000000,30798.35073586,2.51147541,2.42663911,0.26027347,1.13358779
2026-09-30 21:50:00,BTCUSD_PERP,25758909.00000000,30793.60121076,2.51147541,2.42663911,0.26027347,2.66876310
2026-09-30 21:55:00,BTCUSD_PERP,25758909.00000000,30787.34438346,2.51147541,2.42663911,0.26027347,3.52960260
2026-09-30 22:00:00,BTCUSD_PERP,25758909.00000000,30775.75756852,2.51147541,2.42663911,0.26027347,12.40000000
2026-09-30 22:05:00,BTCUSD_PERP,25758909.00000000,30800.65120543,2.51147541,2.42663911,0.26027347,0.47353497
2026-09-30 22:10:00,BTCUSD_PERP,25758909.00000000,30837.58106282,2.51147541,2.42663911,0.26027347,0.33875392
2026-09-30 22:15:00,BTCUSD_PERP,25758909.00000000,30793.59881387,2.51147541,2.42663911,0.26027347,46.67500000
2026-09-30 22:20:00,BTCUSD_PERP,25758909.00000000,30792.82817089,2.51147541,2.42663911,0.26027347,2.90358127
2026-09-30 22:25:00,BTCUSD_PERP,25758909.00000000,30767.02809017,2.51147541,2.42663911,0.26027347,2.73529412
2026-09-30 22:30:00,BTCUSD_PERP,25758909.00000000,30756.64919816,2.51147541,2.42663911,0.26027347,5.50875146
2026-09-30 22:35:00,BTCUSD_PERP,25758909.00000000,30753.01394689,2.51147541,2.42663911,0.26027347,0.36338104
2026-09-30 22:40:00,BTCUSD_PERP,25758909.00000000,30761.60817455,2.51147541,2.42663911,0.26027347,1.22740247
2026-09-30 22:45:00,BTCUSD_PERP,25758909.00000000,30763.73857358,2.51147541,2.42663911,0.26027347,0.37655860
2026-09-30 22:50:00,BTCUSD_PERP,25758909.00000000,30778.31006214,2.51147541,2.42663911,0.26027347,0.07785033
2026-09-30 22:55:00,BTCUSD_PERP,25758909.00000000,30794.52154692,2.51147541,2.42663911,0.26027347,0.91027778
2026-09-30 23:00:00,BTCUSD_PERP,25758909.00000000,30812.46067537,2.51147541,2.42663911,0.26027347,0.83410443
2026-09-30 23:05:00,BTCUSD_PERP,25758909.00000000,30792.27602332,2.51147541,2.42663911,0.26027347,1.24745475
2026-09-30 23:10:00,BTCUSD_PERP,25758909.00000000,30821.53027721,2.51147541,2.42663911,0.26027347,2.20732746
2026-09-30 23:15:00,BTCUSD_PERP,25758909.00000000,30811.16275598,2.51147541,2.42663911,0.26027347,0.53323447
2026-09-30 23:20:00,BTCUSD_PERP,25758909.00000000,30797.65110140,2.51147541,2.42663911,0.26027347,1.07938671
2026-09-30 23:25:00,BTCUSD_PERP,25758909.00000000,30786.35088604,2.51147541,2.42663911,0.26027347,1.66066201
2026-09-30 23:30:00,BTCUSD_PERP,25758909.00000000,30819.36942572,2.51147541,2.42663911,0.26027347,0.66351070
2026-09-30 23:35:00,BTCUSD_PERP,25758909.00000000,30837.02730916,2.51147541,2.42663911,0.26027347,0.39542993
2026-09-30 23:40:00,BTCUSD_PERP,25758909.00000000,30826.46494863,2.51147541,2.42663911,0.26027347,1.64019946
2026-09-30 23:45:00,BTCUSD_PERP,25758909.00000000,30838.85598638,2.51147541,2.42663911,0.26027347,0.71088435
2026-09-30 23:50:00,BTCUSD_PERP,25758909.00000000,30856.67926861,2.51147541,2.42663911,0.26027347,2.48224044
2026-09-30 23:55:00,BTCUSD_PERP,25758909.00000000,30847.27576847,2.51147541,2.42663911,0.26027347,1.16114711
