open_time,open,high,low,close,volume,close_time,quote_volume,count,taker_buy_volume,taker_buy_quote_volume,ignore
1790726400000,83586.1,83651.5,83275.0,83370.3,155927,1790729999999,186.87458850,4605,74747,89.56229895,0
1790730000000,83370.6,83472.5,83261.7,83373.5,160174,1790733599999,192.21991975,4107,105688,126.84274631,0
1790733600000,83373.4,83545.6,83222.0,83302.9,185204,1790737199999,222.22897688,4693,61807,74.14682968,0
1790737200000,83303.8,83344.7,83082.4,83224.3,140878,1790740799999,169.34192703,3684,51859,62.29575402,0
1790740800000,83224.2,83344.6,83128.1,83128.1,63140,1790744399999,75.84117445,2074,31369,37.67990203,0
1790744400000,83131.4,83443.4,83100.2,83303.9,136022,1790747999999,163.28419263,3998,59567,71.51640179,0
1790748000000,83303.9,83349.4,82888.0,82959.4,256244,1790751599999,308.55876066,5743,96077,115.66790115,0
1790751600000,82962.2,83380.2,82872.4,83206.2,239346,1790755199999,287.56475576,5432,139444,167.45641702,0
1790755200000,83206.2,83253.6,82942.2,82979.9,203627,1790758799999,245.24730375,4809,83294,100.31039393,0
1790758800000,82979.9,83745.2,82971.0,83553.9,532252,1790762399999,637.12660050,8475,421173,504.01092313,0
1790762400000,83554.5,83879.3,83554.5,83840.3,373397,1790765999999,446.03972400,6250,178165,212.79251729,0
1790766000000,83840.3,83907.9,83607.4,83843.7,416855,1790769599999,497.62886777,6805,177992,212.35654481,0
1790769600000,83843.6,85474.8,83687.4,85233.2,2327479,1790773199999,2747.59917675,29519,1240009,1464.29837217,0
1790773200000,85236.1,85595.1,83937.7,84564.7,2792391,1790776799999,3293.52262709,35948,1077387,1269.07298853,0
1790776800000,84566.9,84572.6,83277.4,83718.6,1425715,1790780399999,1700.42299402,31599,597024,712.05364142,0
1790780400000,83718.5,84193.0,83593.4,84045.1,510502,1790783999999,608.14339441,14302,262673,312.79541519,0
1790784000000,84045.2,84393.4,84045.2,84262.3,335963,1790787599999,398.74558767,8034,163362,193.90150701,0
1790787600000,84262.2,84333.2,83832.7,83947.4,319423,1790791199999,379.94755634,8261,129701,154.24356877,0
1790791200000,83947.2,83999.9,83713.8,83866.4,191033,1790794799999,227.77950402,6162,77304,92.19875320,0
1790794800000,83866.4,83881.0,83420.1,83514.8,313967,1790798399999,375.52364328,7364,103727,124.03309983,0
1790798400000,83514.8,83698.9,83443.6,83591.2,148853,1790801999999,178.11891867,4541,81797,97.86860131,0
1790802000000,83591.2,83737.4,83591.2,83678.1,96659,1790805599999,115.51548768,2538,44651,53.36414570,0
1790805600000,83678.6,83760.6,83491.8,83599.4,53297,1790809199999,63.69559761,2411,26608,31.80048113,0
1790809200000,83599.0,83746.6,83438.7,83526.0,334326,1790812799999,400.22254768,6499,183567,219.76159224,0
