1790640000000000,10.61700000,10.89900000,10.60200000,10.68000000,446850.09000000,1790643599999999,4812376.76226000,35783,207575.00000000,2234822.30165000,0
1790643600000000,10.67900000,10.74900000,10.43400000,10.53600000,294988.20000000,1790647199999999,3118048.58706000,38259,129275.28000000,1366367.95000000,0
1790647200000000,10.53600000,10.58900000,10.33600000,10.36100000,245281.24000000,1790650799999999,2561969.85425000,27320,105057.52000000,1097395.05030000,0
1790650800000000,10.36000000,10.48600000,10.34900000,10.42500000,154708.19000000,1790654399999999,1612103.22225000,20992,79365.96000000,826980.67852000,0
1790654400000000,10.42400000,10.50700000,10.34800000,10.47000000,137174.59000000,1790657999999999,1430100.92161000,15651,81910.85000000,853497.93046000,0
1790658000000000,10.46700000,10.65300000,10.42400000,10.62600000,178430.92000000,1790661599999999,1882175.89625000,23982,88866.30000000,937466.75053000,0
1790661600000000,10.62600000,10.99800000,10.62300000,10.98500000,431264.03000000,1790665199999999,4673516.36462000,32137,265248.12000000,2873305.76976000,0
1790665200000000,10.98400000,11.54800000,10.95500000,11.45600000,991710.73000000,1790668799999999,11184524.89445000,86274,575975.41000000,6493434.51581000,0
1790668800000000,11.45600000,11.50300000,11.22800000,11.38100000,682747.53000000,1790672399999999,7769044.78462000,71348,335376.26000000,3816494.10488000,0
1790672400000000,11.38100000,11.56800000,11.31700000,11.55000000,709670.86000000,1790675999999999,8137795.13218000,58806,385186.15000000,4419213.85746000,0
1790676000000000,11.55000000,11.67800000,11.47400000,11.56300000,635898.14000000,1790679599999999,7374761.61302000,51817,305305.62000000,3541241.79073000,0
1790679600000000,11.56200000,11.94500000,11.50200000,11.84300000,646350.16000000,1790683199999999,7577890.65814000,64837,365189.95000000,4288603.34387000,0
1790683200000000,11.84200000,12.00800000,11.64600000,11.73200000,790133.80000000,1790686799999999,9355916.65956000,82358,426421.21000000,5050583.54894000,0
1790686800000000,11.73100000,11.76800000,11.61500000,11.63000000,395465.82000000,1790690399999999,4623631.53050000,48296,220299.32000000,2575100.94855000,0
1790690400000000,11.63000000,11.72200000,11.49300000,11.50700000,522330.80000000,1790693999999999,6056576.39673000,53272,291228.08000000,3376872.83430000,0
1790694000000000,11.50700000,11.51200000,11.13000000,11.21600000,934834.43000000,1790697599999999,10550261.58221000,73745,469836.60000000,5299141.57851000,0
1790697600000000,11.21600000,11.30100000,11.05300000,11.14900000,622889.12000000,1790701199999999,6956730.61197000,50548,336832.13000000,3762747.64263000,0
1790701200000000,11.15000000,11.17900000,11.02900000,11.09600000,240544.74000000,1790704799999999,2671690.89280000,23685,108139.78000000,1201017.48273000,0
1790704800000000,11.09600000,11.33700000,11.09600000,11.28700000,343435.08000000,1790708399999999,3859419.23099000,37228,199827.30000000,2246619.97341000,0
1790708400000000,11.28600000,11.38700000,11.26000000,11.33200000,255187.06000000,1790711999999999,2892767.48023000,17796,139943.59000000,1586267.05614000,0
1790712000000000,11.33300000,11.48800000,11.32100000,11.46200000,304694.43000000,1790715599999999,3482501.79435000,24273,166979.47000000,1908283.52265000,0
1790715600000000,11.46200000,11.55000000,11.32400000,11.43700000,220244.73000000,1790719199999999,2522921.01171000,22260,121556.51000000,1392492.41961000,0
1790719200000000,11.43700000,11.53200000,11.40400000,11.42000000,151529.08000000,1790722799999999,1737509.89453000,17271,82166.11000000,942276.94643000,0
1790722800000000,11.41900000,11.51900000,11.38100000,11.43600000,143159.14000000,1790726399999999,1638865.15794000,12450,78654.95000000,900474.40688000,0
